what,kind,bundleId,bundleVersion,description,time
started,bundle,org.eclipse.equinox.p2.core,2.0.2.R36x_v20100804,"org.eclipse.equinox.p2.core",1361525176677
started,bundle,org.eclipse.equinox.p2.directorywatcher,1.0.202.R36x_v20100727,"org.eclipse.equinox.p2.directorywatcher",1361525176677
started,bundle,org.eclipse.equinox.p2.engine,2.0.0.v20100606,"org.eclipse.equinox.p2.engine",1361525176678
started,bundle,org.eclipse.equinox.p2.metadata,2.0.0.v20100601,"org.eclipse.equinox.p2.metadata",1361525176679
started,bundle,org.eclipse.equinox.p2.metadata.repository,1.1.0.v20100513,"org.eclipse.equinox.p2.metadata.repository",1361525176680
started,bundle,org.eclipse.equinox.p2.operations,2.0.0.v20100510,"org.eclipse.equinox.p2.operations",1361525176681
started,bundle,org.eclipse.equinox.p2.reconciler.dropins,1.1.0.v20100525,"org.eclipse.equinox.p2.reconciler.dropins",1361525176681
started,bundle,org.eclipse.equinox.p2.repository,2.0.1.R36x_v20100823,"org.eclipse.equinox.p2.repository",1361525176682
started,bundle,org.eclipse.equinox.p2.ui.sdk.scheduler,1.0.0.v20100507-1815,"org.eclipse.equinox.p2.ui.sdk.scheduler",1361525176683
started,bundle,org.eclipse.equinox.preferences,3.3.0.v20100503,"org.eclipse.equinox.preferences",1361525176683
started,bundle,org.eclipse.equinox.registry,3.5.0.v20100503,"org.eclipse.equinox.registry",1361525176684
started,bundle,org.eclipse.equinox.security,1.0.200.v20100503,"org.eclipse.equinox.security",1361525176685
started,bundle,org.eclipse.equinox.util,1.0.200.v20100503,"org.eclipse.equinox.util",1361525176685
started,bundle,org.eclipse.help,3.5.0.v20100524,"org.eclipse.help",1361525176708
started,bundle,org.eclipse.jdt.core,3.6.1.v_A68_R36x,"org.eclipse.jdt.core",1361525176709
started,bundle,org.eclipse.jdt.core.manipulation,1.3.0.v20100520-0800,"org.eclipse.jdt.core.manipulation",1361525176710
started,bundle,org.eclipse.jdt.launching,3.5.100.v20100526,"org.eclipse.jdt.launching",1361525176710
started,bundle,org.eclipse.jdt.ui,3.6.1.r361_v20100825-0800,"org.eclipse.jdt.ui",1361525176710
started,bundle,org.eclipse.jface,3.6.1.M20100825-0800,"org.eclipse.jface",1361525176711
started,bundle,org.eclipse.ltk.core.refactoring,3.5.100.v20100526-0800,"org.eclipse.ltk.core.refactoring",1361525176712
started,bundle,org.eclipse.ltk.ui.refactoring,3.5.0.v20100526-0800,"org.eclipse.ltk.ui.refactoring",1361525176750
started,bundle,org.eclipse.mtj.core,1.2.1.v201009031435,"org.eclipse.mtj.core",1361525176750
started,bundle,org.eclipse.mtj.toolkit.uei,1.0.1.v201009031435,"org.eclipse.mtj.toolkit.uei",1361525176750
started,bundle,org.eclipse.pde.launching,3.6.0.v20100601,"org.eclipse.pde.launching",1361525176751
started,bundle,org.eclipse.pde.ui,3.6.1.v20100810_r361,"org.eclipse.pde.ui",1361525176803
started,bundle,org.eclipse.team.core,3.5.100.R36x_v20100825-0800,"org.eclipse.team.core",1361525176804
started,bundle,org.eclipse.team.ui,3.5.101.R36x_v20100825-0800,"org.eclipse.team.ui",1361525176888
started,bundle,org.eclipse.ui,3.6.1.M20100826-1330,"org.eclipse.ui",1361525176913
started,bundle,org.eclipse.ui.editors,3.6.1.r361_v20100825-0800,"org.eclipse.ui.editors",1361525176913
started,bundle,org.eclipse.ui.ide,3.6.1.M20100825-0800,"org.eclipse.ui.ide",1361525176951
started,bundle,org.eclipse.ui.net,1.2.100.I20100505-1245,"org.eclipse.ui.net",1361525176951
started,bundle,org.eclipse.ui.views,3.5.0.I20100527-0800,"org.eclipse.ui.views",1361525176952
started,bundle,org.eclipse.ui.views.log,1.0.100.v20100423,"org.eclipse.ui.views.log",1361525176953
started,bundle,org.eclipse.ui.workbench,3.6.1.M20100826-1330,"org.eclipse.ui.workbench",1361525176953
started,bundle,org.eclipse.ui.workbench.texteditor,3.6.1.r361_v20100714-0800,"org.eclipse.ui.workbench.texteditor",1361525176955
os,sysinfo,,,"win32",1361525176958
arch,sysinfo,,,"x86_64",1361525176958
ws,sysinfo,,,"win32",1361525176958
locale,sysinfo,,,"en_US",1361525176958
processors,sysinfo,,,"4",1361525176958
java.runtime.name,sysinfo,,,"Java(TM) SE Runtime Environment",1361525176958
java.runtime.version,sysinfo,,,"1.7.0_15-b03",1361525176958
java.specification.name,sysinfo,,,"Java Platform API Specification",1361525176958
java.specification.vendor,sysinfo,,,"Oracle Corporation",1361525176958
java.specification.version,sysinfo,,,"1.7",1361525176958
java.vendor,sysinfo,,,"Oracle Corporation",1361525176958
java.version,sysinfo,,,"1.7.0_15",1361525176958
java.vm.info,sysinfo,,,"mixed mode",1361525176958
java.vm.name,sysinfo,,,"Java HotSpot(TM) 64-Bit Server VM",1361525176958
java.vm.specification.name,sysinfo,,,"Java Virtual Machine Specification",1361525176958
java.vm.specification.vendor,sysinfo,,,"Oracle Corporation",1361525176958
java.vm.specification.version,sysinfo,,,"1.7",1361525176958
java.vm.vendor,sysinfo,,,"Oracle Corporation",1361525176958
java.vm.version,sysinfo,,,"23.7-b01",1361525176958
started,bundle,org.eclipse.jsch.core,1.1.200.I20100505-1245,"org.eclipse.jsch.core",1361525177681
started,bundle,org.eclipse.team.cvs.core,3.3.300.I20100526-0800,"org.eclipse.team.cvs.core",1361525177682
started,bundle,org.eclipse.mylyn.monitor.ui,3.4.0.v20100608-0100-e3x,"org.eclipse.mylyn.monitor.ui",1361525177762
started,bundle,org.eclipse.mylyn.commons.net,3.4.1.v20100625-2100-e3x,"org.eclipse.mylyn.commons.net",1361525177990
started,bundle,org.eclipse.ui.console,3.5.0.v20100526,"org.eclipse.ui.console",1361525178335
started,bundle,org.eclipse.team.cvs.ui,3.3.301.R36x_v20100825-0800,"org.eclipse.team.cvs.ui",1361525179519
started,bundle,org.eclipse.mylyn.commons.ui,3.4.0.v20100608-0100-e3x,"org.eclipse.mylyn.commons.ui",1361525180258
started,bundle,org.eclipse.mylyn.bugzilla.core,3.4.2.v20100902-0100-e3x,"org.eclipse.mylyn.bugzilla.core",1361525181099
started,bundle,org.eclipse.mylyn.bugzilla.ui,3.4.2.v20100909-0100-e3x,"org.eclipse.mylyn.bugzilla.ui",1361525181523
started,bundle,org.eclipse.ui.forms,3.5.2.r36_v20100702,"org.eclipse.ui.forms",1361525182153
started,bundle,org.eclipse.mylyn.context.core,3.4.1.v20100909-0100-e3x,"org.eclipse.mylyn.context.core",1361525182395
started,bundle,org.eclipse.mylyn.context.ui,3.4.1.v20100909-0100-e3x,"org.eclipse.mylyn.context.ui",1361525182529
started,bundle,org.eclipse.mylyn.tasks.ui,3.4.2.v20100902-0100-e3x,"org.eclipse.mylyn.tasks.ui",1361525183317
started,bundle,org.eclipse.mylyn.team.ui,3.4.2.v20100909-0100-e3x,"org.eclipse.mylyn.team.ui",1361525183529
started,bundle,org.eclipse.sequoyah.device.framework,1.0.0.M20100915-0236,"org.eclipse.sequoyah.device.framework",1361525184257
started,bundle,org.eclipse.sequoyah.device.backward,1.0.0.M20100915-0236,"org.eclipse.sequoyah.device.backward",1361525184260
started,bundle,org.eclipse.sequoyah.device.service.vncviewer,1.0.0.M20100915-0236,"org.eclipse.sequoyah.device.service.vncviewer",1361525184334
started,bundle,org.eclipse.sequoyah.device.framework.wizard,1.0.0.M20100915-0236,"org.eclipse.sequoyah.device.framework.wizard",1361525184558
started,bundle,org.eclipse.sequoyah.localization.tools,1.0.0.M20100915-0236,"org.eclipse.sequoyah.localization.tools",1361525184675
started,bundle,org.eclipse.sequoyah.localization.android,1.0.0.M20100915-0236,"org.eclipse.sequoyah.localization.android",1361525184866
started,bundle,org.eclipse.update.scheduler,3.2.300.v20100512,"org.eclipse.update.scheduler",1361525184982
started,bundle,org.eclipse.update.configurator,3.3.100.v20100512,"org.eclipse.update.configurator",1361525186835
started,bundle,org.eclipse.update.core,3.2.402.R36x_v20100629,"org.eclipse.update.core",1361525186962
started,bundle,org.eclipse.debug.ui,3.6.1.v20100901_r361,"org.eclipse.debug.ui",1361525187581
started,bundle,org.eclipse.mtj.ui,1.2.0.v201009031435,"org.eclipse.mtj.ui",1361525189555
executed,command,,,"org.eclipse.mtj.launchShortcuts.run",1361525189772
started,bundle,org.eclipse.jdt.debug,3.6.1.v20100715_r361,"org.eclipse.jdt.debug",1361525190327
deactivated,workbench,org.eclipse.ui.workbench,3.6.1.M20100826-1330,"",1361525192031
opened,view,org.eclipse.ui.console,3.5.0.v20100526,"org.eclipse.ui.console.ConsoleView",1361525217851
activated,workbench,org.eclipse.ui.workbench,3.6.1.M20100826-1330,"",1361525434546
executed,command,,,"org.eclipse.mtj.launchShortcuts.run",1361525437344
activated,view,org.eclipse.ui.console,3.5.0.v20100526,"org.eclipse.ui.console.ConsoleView",1361525437529
activated,editor,org.eclipse.jdt.ui,3.6.1.r361_v20100825-0800,"org.eclipse.jdt.ui.CompilationUnitEditor",1361525441441
deactivated,workbench,org.eclipse.ui.workbench,3.6.1.M20100826-1330,"",1361525449516
activated,workbench,org.eclipse.ui.workbench,3.6.1.M20100826-1330,"",1361525450687
closed,workbench,org.eclipse.ui.workbench,3.6.1.M20100826-1330,"",1361525450796
started,bundle,org.eclipse.compare,3.5.100.I20100526-0800,"org.eclipse.compare",1361525452499
stopped,bundle,org.eclipse.mylyn.ide.ant,3.4.0.v20100608-0100-e3x,"org.eclipse.mylyn.ide.ant",1361525452942
stopped,bundle,org.eclipse.mylyn.pde.ui,3.4.0.v20100608-0100-e3x,"org.eclipse.mylyn.pde.ui",1361525452958
stopped,bundle,org.eclipse.pde.api.tools.ui,1.0.201.v20100820_r361,"org.eclipse.pde.api.tools.ui",1361525452963
stopped,bundle,org.eclipse.pde.ds.ui,1.0.100.v20100601,"org.eclipse.pde.ds.ui",1361525452983
stopped,bundle,org.eclipse.pde.runtime,3.4.200.v20100601,"org.eclipse.pde.runtime",1361525452983
stopped,bundle,org.eclipse.pde.ua.ui,1.0.100.v20100504,"org.eclipse.pde.ua.ui",1361525453017
stopped,bundle,org.eclipse.pde.ui.templates,3.4.200.v20100601,"org.eclipse.pde.ui.templates",1361525453034
stopped,bundle,org.eclipse.pde.ui,3.6.1.v20100810_r361,"org.eclipse.pde.ui",1361525453034
stopped,bundle,org.eclipse.ant.ui,3.5.0.v20100427,"org.eclipse.ant.ui",1361525453042
stopped,bundle,org.eclipse.ant.launching,1.0.0.v20100427,"org.eclipse.ant.launching",1361525453062
stopped,bundle,org.eclipse.jdt.apt.pluggable.core,1.0.301.R36_v20100727-0110,"org.eclipse.jdt.apt.pluggable.core",1361525453081
stopped,bundle,org.eclipse.jdt.apt.ui,3.3.300.v20100513-0845,"org.eclipse.jdt.apt.ui",1361525453102
stopped,bundle,org.eclipse.jdt.apt.core,3.3.401.R36_v20100727-0110,"org.eclipse.jdt.apt.core",1361525453137
stopped,bundle,org.eclipse.mtj.jmunit,1.0.1.v201009031435,"org.eclipse.mtj.jmunit",1361525453153
stopped,bundle,org.eclipse.mylyn.java.tasks,3.4.0.v20100608-0100-e3x,"org.eclipse.mylyn.java.tasks",1361525453162
stopped,bundle,org.eclipse.mylyn.java.ui,3.4.0.v20100608-0100-e3x,"org.eclipse.mylyn.java.ui",1361525453162
stopped,bundle,org.eclipse.jdt.junit,3.6.1.r361_v20100825-0800,"org.eclipse.jdt.junit",1361525453172
stopped,bundle,org.eclipse.mtj.eswt.templates,1.0.1.v201009031435,"org.eclipse.mtj.eswt.templates",1361525453184
stopped,bundle,org.eclipse.mtj.toolkit.microemu,1.0.0.v201009031435,"org.eclipse.mtj.toolkit.microemu",1361525453198
stopped,bundle,org.eclipse.mtj.toolkit.mpowerplayer,1.0.0.v201009031435,"org.eclipse.mtj.toolkit.mpowerplayer",1361525453209
stopped,bundle,org.eclipse.mtj.toolkit.cinterion,1.0.0.v201009031435,"org.eclipse.mtj.toolkit.cinterion",1361525453225
stopped,bundle,org.eclipse.mtj.toolkit.nokia,1.0.0.v201009031435,"org.eclipse.mtj.toolkit.nokia",1361525453276
stopped,bundle,org.eclipse.mtj.toolkit.uei,1.0.1.v201009031435,"org.eclipse.mtj.toolkit.uei",1361525453276
stopped,bundle,org.eclipse.mtj.ui,1.2.0.v201009031435,"org.eclipse.mtj.ui",1361525453276
stopped,bundle,org.eclipse.sequoyah.device.qemuarm,1.0.0.M20100915-0236,"org.eclipse.sequoyah.device.qemuarm",1361525453336
stopped,bundle,org.eclipse.sequoyah.device.qemu,1.0.0.M20100915-0236,"org.eclipse.sequoyah.device.qemu",1361525453385
stopped,bundle,org.eclipse.sequoyah.device.qemureact,1.0.0.M20100915-0236,"org.eclipse.sequoyah.device.qemureact",1361525453403
stopped,bundle,org.eclipse.jdt.debug.ui,3.5.0.v20100602-0830,"org.eclipse.jdt.debug.ui",1361525453403
stopped,bundle,jmunit.framework,1.2.1.v201009031435,"jmunit.framework",1361525453454
stopped,bundle,org.eclipse.mtj.core,1.2.1.v201009031435,"org.eclipse.mtj.core",1361525453455
stopped,bundle,org.eclipse.sequoyah.pulsar.ui,1.0.1.M20100811-0600,"org.eclipse.sequoyah.pulsar.ui",1361525453455
stopped,bundle,org.eclipse.jdt.ui,3.6.1.r361_v20100825-0800,"org.eclipse.jdt.ui",1361525453455
stopped,bundle,org.eclipse.jdt.core.manipulation,1.3.0.v20100520-0800,"org.eclipse.jdt.core.manipulation",1361525453455
stopped,bundle,org.eclipse.pde.launching,3.6.0.v20100601,"org.eclipse.pde.launching",1361525453455
stopped,bundle,org.eclipse.jdt.junit.core,3.6.1.r361_v20100825-0800,"org.eclipse.jdt.junit.core",1361525453548
activated,perspective,org.eclipse.mtj.ui,,"org.eclipse.mtj.ui.MtjPerspective",1361525791300
started,bundle,org.eclipse.osgi,3.6.1.R36x_v20100806,"org.eclipse.osgi",1361525791302
started,bundle,org.eclipse.mtj.core.hooks,1.0.0.v201009031435,"org.eclipse.mtj.core.hooks",1361525791308
started,bundle,org.eclipse.equinox.simpleconfigurator,1.0.200.v20100503,"org.eclipse.equinox.simpleconfigurator",1361525791309
started,bundle,com.ibm.icu,4.2.1.v20100412,"com.ibm.icu",1361525791310
started,bundle,org.eclipse.compare.core,3.5.100.I20100526-0800,"org.eclipse.compare.core",1361525791310
started,bundle,org.eclipse.core.contenttype,3.4.100.v20100505-1235,"org.eclipse.core.contenttype",1361525791311
started,bundle,org.eclipse.core.databinding.observable,1.3.0.I20100601-0800,"org.eclipse.core.databinding.observable",1361525791312
started,bundle,org.eclipse.core.expressions,3.4.200.v20100505,"org.eclipse.core.expressions",1361525791313
started,bundle,org.eclipse.core.filebuffers,3.5.100.v20100520-0800,"org.eclipse.core.filebuffers",1361525791314
started,bundle,org.eclipse.core.filesystem,1.3.1.R36x_v20100727-0745,"org.eclipse.core.filesystem",1361525791315
started,bundle,org.eclipse.core.jobs,3.5.1.R36x_v20100824,"org.eclipse.core.jobs",1361525791316
started,bundle,org.eclipse.core.net,1.2.100.I20100511-0800,"org.eclipse.core.net",1361525791316
started,bundle,org.eclipse.core.resources,3.6.0.R36x_v20100825-0600,"org.eclipse.core.resources",1361525791317
started,bundle,org.eclipse.core.runtime,3.6.0.v20100505,"org.eclipse.core.runtime",1361525791318
started,bundle,org.eclipse.core.runtime.compatibility,3.2.100.v20100505,"org.eclipse.core.runtime.compatibility",1361525791319
started,bundle,org.eclipse.core.runtime.compatibility.auth,3.2.200.v20100517,"org.eclipse.core.runtime.compatibility.auth",1361525791320
started,bundle,org.eclipse.core.variables,3.2.400.v20100505,"org.eclipse.core.variables",1361525791320
started,bundle,org.eclipse.debug.core,3.6.0.v20100519,"org.eclipse.debug.core",1361525791321
started,bundle,org.eclipse.epp.usagedata.gathering,1.3.0.R201005261100,"org.eclipse.epp.usagedata.gathering",1361525791322
started,bundle,org.eclipse.epp.usagedata.recording,1.3.0.R201005261100,"org.eclipse.epp.usagedata.recording",1361525791322
started,bundle,org.eclipse.equinox.app,1.3.1.R36x_v20100803,"org.eclipse.equinox.app",1361525791323
started,bundle,org.eclipse.equinox.common,3.6.0.v20100503,"org.eclipse.equinox.common",1361525791323
started,bundle,org.eclipse.equinox.ds,1.2.1.R36x_v20100803,"org.eclipse.equinox.ds",1361525791324
started,bundle,org.eclipse.equinox.event,1.2.0.v20100503,"org.eclipse.equinox.event",1361525791325
started,bundle,org.eclipse.equinox.p2.core,2.0.2.R36x_v20100804,"org.eclipse.equinox.p2.core",1361525791326
started,bundle,org.eclipse.equinox.p2.directorywatcher,1.0.202.R36x_v20100727,"org.eclipse.equinox.p2.directorywatcher",1361525791327
started,bundle,org.eclipse.equinox.p2.engine,2.0.0.v20100606,"org.eclipse.equinox.p2.engine",1361525791328
started,bundle,org.eclipse.equinox.p2.metadata,2.0.0.v20100601,"org.eclipse.equinox.p2.metadata",1361525791328
started,bundle,org.eclipse.equinox.p2.metadata.repository,1.1.0.v20100513,"org.eclipse.equinox.p2.metadata.repository",1361525791329
started,bundle,org.eclipse.equinox.p2.operations,2.0.0.v20100510,"org.eclipse.equinox.p2.operations",1361525791330
started,bundle,org.eclipse.equinox.p2.reconciler.dropins,1.1.0.v20100525,"org.eclipse.equinox.p2.reconciler.dropins",1361525791330
started,bundle,org.eclipse.equinox.p2.repository,2.0.1.R36x_v20100823,"org.eclipse.equinox.p2.repository",1361525791331
started,bundle,org.eclipse.equinox.p2.ui.sdk.scheduler,1.0.0.v20100507-1815,"org.eclipse.equinox.p2.ui.sdk.scheduler",1361525791332
started,bundle,org.eclipse.equinox.p2.updatechecker,1.1.101.R36x_v20100823,"org.eclipse.equinox.p2.updatechecker",1361525791332
started,bundle,org.eclipse.equinox.preferences,3.3.0.v20100503,"org.eclipse.equinox.preferences",1361525791333
started,bundle,org.eclipse.equinox.registry,3.5.0.v20100503,"org.eclipse.equinox.registry",1361525791334
started,bundle,org.eclipse.equinox.security,1.0.200.v20100503,"org.eclipse.equinox.security",1361525791335
started,bundle,org.eclipse.equinox.util,1.0.200.v20100503,"org.eclipse.equinox.util",1361525791335
started,bundle,org.eclipse.help,3.5.0.v20100524,"org.eclipse.help",1361525791336
started,bundle,org.eclipse.jdt.core,3.6.1.v_A68_R36x,"org.eclipse.jdt.core",1361525791336
started,bundle,org.eclipse.jdt.core.manipulation,1.3.0.v20100520-0800,"org.eclipse.jdt.core.manipulation",1361525791336
started,bundle,org.eclipse.jdt.junit,3.6.1.r361_v20100825-0800,"org.eclipse.jdt.junit",1361525791337
started,bundle,org.eclipse.jdt.launching,3.5.100.v20100526,"org.eclipse.jdt.launching",1361525791337
started,bundle,org.eclipse.jdt.ui,3.6.1.r361_v20100825-0800,"org.eclipse.jdt.ui",1361525791337
started,bundle,org.eclipse.jface,3.6.1.M20100825-0800,"org.eclipse.jface",1361525791338
started,bundle,org.eclipse.jsch.core,1.1.200.I20100505-1245,"org.eclipse.jsch.core",1361525791338
started,bundle,org.eclipse.ltk.core.refactoring,3.5.100.v20100526-0800,"org.eclipse.ltk.core.refactoring",1361525791338
started,bundle,org.eclipse.ltk.ui.refactoring,3.5.0.v20100526-0800,"org.eclipse.ltk.ui.refactoring",1361525791339
started,bundle,org.eclipse.mtj.core,1.2.1.v201009031435,"org.eclipse.mtj.core",1361525791339
started,bundle,org.eclipse.mtj.toolkit.uei,1.0.1.v201009031435,"org.eclipse.mtj.toolkit.uei",1361525791340
started,bundle,org.eclipse.mylyn.bugzilla.core,3.4.2.v20100902-0100-e3x,"org.eclipse.mylyn.bugzilla.core",1361525791340
started,bundle,org.eclipse.mylyn.bugzilla.ui,3.4.2.v20100909-0100-e3x,"org.eclipse.mylyn.bugzilla.ui",1361525791340
started,bundle,org.eclipse.mylyn.commons.net,3.4.1.v20100625-2100-e3x,"org.eclipse.mylyn.commons.net",1361525791340
started,bundle,org.eclipse.mylyn.commons.ui,3.4.0.v20100608-0100-e3x,"org.eclipse.mylyn.commons.ui",1361525791341
started,bundle,org.eclipse.mylyn.context.core,3.4.1.v20100909-0100-e3x,"org.eclipse.mylyn.context.core",1361525791341
started,bundle,org.eclipse.mylyn.context.ui,3.4.1.v20100909-0100-e3x,"org.eclipse.mylyn.context.ui",1361525791342
started,bundle,org.eclipse.mylyn.monitor.ui,3.4.0.v20100608-0100-e3x,"org.eclipse.mylyn.monitor.ui",1361525791342
started,bundle,org.eclipse.mylyn.tasks.ui,3.4.2.v20100902-0100-e3x,"org.eclipse.mylyn.tasks.ui",1361525791342
started,bundle,org.eclipse.mylyn.team.ui,3.4.2.v20100909-0100-e3x,"org.eclipse.mylyn.team.ui",1361525791343
started,bundle,org.eclipse.pde.launching,3.6.0.v20100601,"org.eclipse.pde.launching",1361525791343
started,bundle,org.eclipse.pde.ui,3.6.1.v20100810_r361,"org.eclipse.pde.ui",1361525791345
started,bundle,org.eclipse.sequoyah.device.backward,1.0.0.M20100915-0236,"org.eclipse.sequoyah.device.backward",1361525791345
started,bundle,org.eclipse.sequoyah.device.framework,1.0.0.M20100915-0236,"org.eclipse.sequoyah.device.framework",1361525791346
started,bundle,org.eclipse.sequoyah.device.framework.wizard,1.0.0.M20100915-0236,"org.eclipse.sequoyah.device.framework.wizard",1361525791346
started,bundle,org.eclipse.sequoyah.device.service.vncviewer,1.0.0.M20100915-0236,"org.eclipse.sequoyah.device.service.vncviewer",1361525791347
started,bundle,org.eclipse.sequoyah.localization.android,1.0.0.M20100915-0236,"org.eclipse.sequoyah.localization.android",1361525791347
started,bundle,org.eclipse.sequoyah.localization.tools,1.0.0.M20100915-0236,"org.eclipse.sequoyah.localization.tools",1361525791348
started,bundle,org.eclipse.team.core,3.5.100.R36x_v20100825-0800,"org.eclipse.team.core",1361525791348
started,bundle,org.eclipse.team.cvs.core,3.3.300.I20100526-0800,"org.eclipse.team.cvs.core",1361525791349
started,bundle,org.eclipse.team.cvs.ui,3.3.301.R36x_v20100825-0800,"org.eclipse.team.cvs.ui",1361525791478
started,bundle,org.eclipse.team.ui,3.5.101.R36x_v20100825-0800,"org.eclipse.team.ui",1361525791479
started,bundle,org.eclipse.ui,3.6.1.M20100826-1330,"org.eclipse.ui",1361525791480
started,bundle,org.eclipse.ui.console,3.5.0.v20100526,"org.eclipse.ui.console",1361525791480
started,bundle,org.eclipse.ui.editors,3.6.1.r361_v20100825-0800,"org.eclipse.ui.editors",1361525791480
started,bundle,org.eclipse.ui.forms,3.5.2.r36_v20100702,"org.eclipse.ui.forms",1361525791481
started,bundle,org.eclipse.ui.ide,3.6.1.M20100825-0800,"org.eclipse.ui.ide",1361525791482
started,bundle,org.eclipse.ui.net,1.2.100.I20100505-1245,"org.eclipse.ui.net",1361525791482
started,bundle,org.eclipse.ui.views,3.5.0.I20100527-0800,"org.eclipse.ui.views",1361525791483
started,bundle,org.eclipse.ui.views.log,1.0.100.v20100423,"org.eclipse.ui.views.log",1361525791483
started,bundle,org.eclipse.ui.workbench,3.6.1.M20100826-1330,"org.eclipse.ui.workbench",1361525791484
started,bundle,org.eclipse.ui.workbench.texteditor,3.6.1.r361_v20100714-0800,"org.eclipse.ui.workbench.texteditor",1361525791485
started,bundle,org.eclipse.update.configurator,3.3.100.v20100512,"org.eclipse.update.configurator",1361525791486
started,bundle,org.eclipse.update.core,3.2.402.R36x_v20100629,"org.eclipse.update.core",1361525791486
started,bundle,org.eclipse.update.scheduler,3.2.300.v20100512,"org.eclipse.update.scheduler",1361525791487
os,sysinfo,,,"win32",1361525791489
arch,sysinfo,,,"x86_64",1361525791489
ws,sysinfo,,,"win32",1361525791489
locale,sysinfo,,,"en_US",1361525791489
processors,sysinfo,,,"4",1361525791489
java.runtime.name,sysinfo,,,"Java(TM) SE Runtime Environment",1361525791489
java.runtime.version,sysinfo,,,"1.7.0_15-b03",1361525791489
java.specification.name,sysinfo,,,"Java Platform API Specification",1361525791489
java.specification.vendor,sysinfo,,,"Oracle Corporation",1361525791489
java.specification.version,sysinfo,,,"1.7",1361525791489
java.vendor,sysinfo,,,"Oracle Corporation",1361525791489
java.version,sysinfo,,,"1.7.0_15",1361525791489
java.vm.info,sysinfo,,,"mixed mode",1361525791489
java.vm.name,sysinfo,,,"Java HotSpot(TM) 64-Bit Server VM",1361525791489
java.vm.specification.name,sysinfo,,,"Java Virtual Machine Specification",1361525791489
java.vm.specification.vendor,sysinfo,,,"Oracle Corporation",1361525791489
java.vm.specification.version,sysinfo,,,"1.7",1361525791489
java.vm.vendor,sysinfo,,,"Oracle Corporation",1361525791489
java.vm.version,sysinfo,,,"23.7-b01",1361525791489
activated,view,org.eclipse.jdt.ui,3.6.1.r361_v20100825-0800,"org.eclipse.jdt.ui.PackageExplorer",1361525898438
started,bundle,org.eclipse.compare,3.5.100.I20100526-0800,"org.eclipse.compare",1361525899276
deactivated,workbench,org.eclipse.ui.workbench,3.6.1.M20100826-1330,"",1361525900645
started,bundle,org.eclipse.ui.externaltools,3.2.0.v20100427,"org.eclipse.ui.externaltools",1361525905396
started,bundle,org.eclipse.debug.ui,3.6.1.v20100901_r361,"org.eclipse.debug.ui",1361525905467
started,bundle,org.eclipse.core.externaltools,1.0.1.v20100831_r361,"org.eclipse.core.externaltools",1361525905524
activated,workbench,org.eclipse.ui.workbench,3.6.1.M20100826-1330,"",1361525913526
executed,command,org.eclipse.ui,3.6.1.M20100826-1330,"org.eclipse.ui.file.properties",1361525913553
deactivated,workbench,org.eclipse.ui.workbench,3.6.1.M20100826-1330,"",1361525916012
activated,workbench,org.eclipse.ui.workbench,3.6.1.M20100826-1330,"",1361525969120
deactivated,workbench,org.eclipse.ui.workbench,3.6.1.M20100826-1330,"",1361525969275
activated,workbench,org.eclipse.ui.workbench,3.6.1.M20100826-1330,"",1361525970717
closed,workbench,org.eclipse.ui.workbench,3.6.1.M20100826-1330,"",1361525971100
stopped,bundle,org.eclipse.mylyn.ide.ant,3.4.0.v20100608-0100-e3x,"org.eclipse.mylyn.ide.ant",1361525971318
stopped,bundle,org.eclipse.mylyn.pde.ui,3.4.0.v20100608-0100-e3x,"org.eclipse.mylyn.pde.ui",1361525971329
stopped,bundle,org.eclipse.pde.api.tools.ui,1.0.201.v20100820_r361,"org.eclipse.pde.api.tools.ui",1361525971330
stopped,bundle,org.eclipse.pde.ds.ui,1.0.100.v20100601,"org.eclipse.pde.ds.ui",1361525971343
stopped,bundle,org.eclipse.pde.runtime,3.4.200.v20100601,"org.eclipse.pde.runtime",1361525971357
stopped,bundle,org.eclipse.pde.ua.ui,1.0.100.v20100504,"org.eclipse.pde.ua.ui",1361525971371
stopped,bundle,org.eclipse.pde.ui.templates,3.4.200.v20100601,"org.eclipse.pde.ui.templates",1361525971387
stopped,bundle,org.eclipse.pde.ui,3.6.1.v20100810_r361,"org.eclipse.pde.ui",1361525971387
stopped,bundle,org.eclipse.ant.ui,3.5.0.v20100427,"org.eclipse.ant.ui",1361525971407
stopped,bundle,org.eclipse.ant.launching,1.0.0.v20100427,"org.eclipse.ant.launching",1361525971422
stopped,bundle,org.eclipse.jdt.apt.pluggable.core,1.0.301.R36_v20100727-0110,"org.eclipse.jdt.apt.pluggable.core",1361525971432
stopped,bundle,org.eclipse.jdt.apt.ui,3.3.300.v20100513-0845,"org.eclipse.jdt.apt.ui",1361525971443
stopped,bundle,org.eclipse.jdt.apt.core,3.3.401.R36_v20100727-0110,"org.eclipse.jdt.apt.core",1361525971459
stopped,bundle,org.eclipse.mtj.jmunit,1.0.1.v201009031435,"org.eclipse.mtj.jmunit",1361525971470
stopped,bundle,org.eclipse.mylyn.java.tasks,3.4.0.v20100608-0100-e3x,"org.eclipse.mylyn.java.tasks",1361525971479
stopped,bundle,org.eclipse.mylyn.java.ui,3.4.0.v20100608-0100-e3x,"org.eclipse.mylyn.java.ui",1361525971479
stopped,bundle,org.eclipse.jdt.junit,3.6.1.r361_v20100825-0800,"org.eclipse.jdt.junit",1361525971479
stopped,bundle,org.eclipse.mtj.eswt.templates,1.0.1.v201009031435,"org.eclipse.mtj.eswt.templates",1361525971488
stopped,bundle,org.eclipse.mtj.toolkit.microemu,1.0.0.v201009031435,"org.eclipse.mtj.toolkit.microemu",1361525971497
stopped,bundle,org.eclipse.mtj.toolkit.mpowerplayer,1.0.0.v201009031435,"org.eclipse.mtj.toolkit.mpowerplayer",1361525971505
stopped,bundle,org.eclipse.mtj.toolkit.cinterion,1.0.0.v201009031435,"org.eclipse.mtj.toolkit.cinterion",1361525971513
stopped,bundle,org.eclipse.mtj.toolkit.nokia,1.0.0.v201009031435,"org.eclipse.mtj.toolkit.nokia",1361525971522
stopped,bundle,org.eclipse.mtj.toolkit.uei,1.0.1.v201009031435,"org.eclipse.mtj.toolkit.uei",1361525971523
stopped,bundle,org.eclipse.mtj.ui,1.2.0.v201009031435,"org.eclipse.mtj.ui",1361525971523
stopped,bundle,org.eclipse.sequoyah.device.qemuarm,1.0.0.M20100915-0236,"org.eclipse.sequoyah.device.qemuarm",1361525971535
stopped,bundle,org.eclipse.sequoyah.device.qemu,1.0.0.M20100915-0236,"org.eclipse.sequoyah.device.qemu",1361525971546
stopped,bundle,org.eclipse.sequoyah.device.qemureact,1.0.0.M20100915-0236,"org.eclipse.sequoyah.device.qemureact",1361525971559
stopped,bundle,org.eclipse.jdt.debug.ui,3.5.0.v20100602-0830,"org.eclipse.jdt.debug.ui",1361525971559
stopped,bundle,jmunit.framework,1.2.1.v201009031435,"jmunit.framework",1361525971578
stopped,bundle,org.eclipse.mtj.core,1.2.1.v201009031435,"org.eclipse.mtj.core",1361525971578
stopped,bundle,org.eclipse.sequoyah.pulsar.ui,1.0.1.M20100811-0600,"org.eclipse.sequoyah.pulsar.ui",1361525971589
stopped,bundle,org.eclipse.jdt.ui,3.6.1.r361_v20100825-0800,"org.eclipse.jdt.ui",1361525971589
stopped,bundle,org.eclipse.jdt.core.manipulation,1.3.0.v20100520-0800,"org.eclipse.jdt.core.manipulation",1361525971589
